id,firstname,lastname,email,city,sallary
100,Lanna,Sekofski,Lanna.Sekofski@yopmail.com,Paramaribo,287
101,Tatiania,Juliet,Tatiania.Juliet@yopmail.com,Lhasa,195
102,Glynnis,Redmond,Glynnis.Redmond@yopmail.com,Vientiane,308
103,Madelle,Hewitt,Madelle.Hewitt@yopmail.com,Vienna,204
104,Carilyn,Maribeth,Carilyn.Maribeth@yopmail.com,Charlottetown,736
105,Gale,Decato,Gale.Decato@yopmail.com,Antwerp,900
106,Belinda,Durware,Belinda.Durware@yopmail.com,Fairbanks,373
107,Mireielle,Vins,Mireielle.Vins@yopmail.com,Suva,236
108,Janenna,Stevy,Janenna.Stevy@yopmail.com,Wichita,730
109,Kimmy,Bronk,Kimmy.Bronk@yopmail.com,Newcastle,556